id,x,y,z,D
0,-33549.97,-1873.98,-37.36,96340.1
1,-61675.99,-14497.59,-1403.39,13914.0
2,-109089.78,28228.01,120.37,12183.7
3,24212.99,-27579.09,1044.13,12516.6
4,-108104.14,29334.81,-25.40,2502.0
5,95544.67,14127.65,-1220.63,1973.6
6,92738.26,14655.28,-986.21,1026.1
7,79408.58,26075.05,-189.45,1028.4
8,90651.90,7978.07,-1040.60,1040.8
9,66778.28,6064.67,-670.27,1866.7
10,61330.72,6665.07,-426.45,1048.5
11,53584.34,9736.83,201.62,1529.7
12,45209.39,7456.51,515.23,1011.9
13,54310.28,29371.20,-3414.65,1337.1
14,11196.11,13023.88,-876.09,1092.7
15,12556.52,11280.29,-705.54,1112.0
16,7094.21,14218.62,-661.31,1005.8
17,6259.08,21338.54,-1240.95,1000.7
18,6672.22,19103.71,-1519.73,1161.7
19,-18189.99,22639.41,418.70,1553.7
20,-13964.15,17915.04,611.24,1389.3
21,-460.36,12602.38,488.54,2221.7
22,-54997.87,22357.41,-816.99,1232.3
23,-61401.55,18172.78,-665.02,1572.9
24,-43480.10,5227.75,-862.34,1005.0
25,-67855.40,27615.48,1254.01,1696.4
26,-72476.67,27548.76,1420.84,2180.7
27,-73462.30,22148.18,1113.57,3407.4
28,-62074.38,21711.52,-398.17,2239.7
29,-62339.97,19840.57,-320.39,1298.2
30,-61614.02,13954.81,-726.14,2361.5
31,-67147.15,7447.41,-454.98,2531.6
32,-77986.19,6079.83,883.64,1609.6
33,-86443.77,6759.07,1589.92,3290.8
34,-86904.13,16723.33,1602.75,2930.4
35,-91327.68,18166.72,1335.23,1486.0
36,-89799.06,17881.68,1369.59,2198.6
37,-93042.22,18106.07,1226.13,1690.4
38,-95736.48,15301.16,1141.80,1715.4
39,-99944.62,14103.39,945.67,2048.7
40,-97445.12,4636.44,1144.39,1575.9
41,-97055.58,6389.13,1119.04,1341.2
42,-81019.83,22957.81,1673.24,3239.4
43,-83879.35,25978.01,1269.62,3549.6
44,-93387.49,27151.53,875.85,2360.5
45,-94423.29,24528.56,1223.08,1431.3
46,-95128.58,23618.86,1157.41,1228.7
47,-94178.35,22048.11,984.56,3050.4
48,-97994.00,20656.27,902.37,2302.4
49,-98156.31,27694.32,877.21,2349.8
50,-98235.99,26208.47,929.31,2214.4
51,-77540.59,27918.71,1476.93,1020.3
52,-73294.10,16984.11,1028.03,1896.8
53,-102013.27,19977.02,1068.67,1887.0
54,-109691.78,11007.38,734.26,1808.1
55,-100443.34,8263.11,1016.97,3344.0
56,-99681.98,11140.80,1093.88,1160.2
57,-102872.01,13296.79,1013.37,1152.2
58,-105232.82,13202.79,958.52,1063.0
59,-89350.51,11268.16,1634.83,1888.2
60,-87742.21,11101.38,1850.93,1565.8
61,-84752.85,20789.69,1783.13,1384.2
62,-90477.79,22469.60,1442.53,1302.3
63,-88701.29,24913.66,1376.14,1485.5
64,-89512.82,26023.50,1170.79,1733.7
65,-86806.75,14888.77,1885.47,2655.3
66,-86738.87,8369.24,1741.79,2394.5
67,-79703.68,6728.75,1222.42,1347.0
68,-76714.31,3150.60,727.56,1769.2
69,-87293.66,2662.39,1923.88,1902.7
70,-95240.72,3232.47,1140.54,1305.2
71,-95125.63,1364.55,1300.33,1260.7
72,-96674.90,1203.84,1304.46,1314.4
73,-98259.59,767.18,1225.44,2339.7
74,-106174.19,11732.10,905.67,1531.2
75,-98076.63,6298.16,977.46,3189.5
76,-108499.58,-29929.15,1866.94,1215.4
77,-109556.04,-17896.84,1412.01,1964.1
78,-109809.82,-524.59,828.49,2792.8
79,-104315.05,-1967.99,952.02,1628.3
80,-105091.17,-3223.37,950.53,1291.7
81,-97070.34,-1043.12,1330.59,2887.6
82,-100859.43,-3256.73,1168.82,1542.7
83,-100357.76,-4706.18,1289.02,1464.3
84,-107375.25,-11832.17,1224.11,3036.0
85,-105356.76,-15188.97,1350.11,1948.1
86,-104734.10,-12811.62,1347.10,1145.6
87,-100098.07,-16514.10,1715.89,1436.6
88,-103441.56,-17939.29,1486.93,1939.0
89,-104474.41,-19243.20,1505.73,1509.4
90,-105412.83,-21544.74,1580.26,1392.1
91,-103692.39,-21978.36,1485.06,1778.3
92,-97456.92,-19340.23,1185.44,4884.8
93,-104182.26,-23709.83,1584.00,1399.6
94,-106233.21,-23348.98,1616.32,2737.5
95,-85157.13,-23115.49,2225.02,1317.7
96,-89533.47,-21417.38,2034.73,1610.4
97,-93602.91,-22587.86,1942.07,1613.4
98,-92608.42,-23609.76,2125.31,1041.5
99,-92286.76,-26672.42,2138.95,1610.6
100,-90277.13,-25301.80,1941.07,1501.5
101,-93499.62,-29262.03,2179.77,1933.9
102,-98725.85,-29443.97,1789.50,3631.1
103,-99378.02,-27618.51,1815.06,1430.0
104,-84029.85,-24950.05,2242.84,1063.8
105,-93077.63,-12778.26,1617.34,1707.0
106,-93535.04,-15043.41,1848.43,2654.6
107,-96214.55,-13393.82,1775.01,3262.8
108,-88081.58,-16583.84,2295.65,1972.2
109,-87969.44,-14931.22,2159.79,3038.4
110,-86889.37,-13424.15,2357.90,1525.6
111,-83761.31,-9463.92,2390.46,2657.7
112,-84357.41,-18342.59,2445.46,1885.2
113,-86402.46,-19249.26,2045.47,3608.8
114,-93098.29,-7856.78,1649.38,9422.1
115,-84354.46,-154.65,2004.65,3023.7
116,-83767.21,-3290.08,2175.92,1764.4
117,-82380.24,-2616.91,2057.99,1536.6
118,-82757.97,-4221.01,2242.89,2319.5
119,-88642.27,169.81,1986.35,1668.4
120,-89276.74,1470.68,1850.73,1669.1
121,-85794.55,1234.16,2074.89,2411.5
122,-82687.14,-5858.47,2252.48,2570.4
123,-82613.37,-7253.35,2455.53,2080.4
124,-80627.34,-7092.63,2176.20,2080.2
125,-78623.61,-7923.49,2120.96,2222.3
126,-77289.76,-9688.31,1928.05,3571.6
127,-75418.82,-11692.68,2098.26,2152.3
128,-76023.78,-13569.70,2189.12,1607.1
129,-77912.42,-15804.53,2461.50,1965.2
130,-77844.55,-19616.18,2499.68,1569.5
131,-78310.80,-20389.42,2562.31,1836.7
132,-73792.82,-18342.59,1213.40,4009.5
133,-75569.32,-19961.86,2003.61,2016.7
134,-76416.26,-17551.16,2088.25,3829.2
135,-75203.40,-15686.27,2066.64,1776.3
136,-71889.42,-10094.64,885.01,5222.3
137,-69788.30,2083.21,-35.67,2388.2
138,-79736.14,-4239.20,1388.28,3564.1
139,-79370.21,-2817.04,1197.00,3697.4
140,-77924.22,-1164.42,818.23,1638.5
141,-80069.60,606.47,1192.42,3942.8
142,-71789.08,-1813.34,132.05,4516.5
143,-71921.88,-4133.07,94.72,4498.0
144,-72712.75,-6313.32,365.15,4400.6
145,-64842.42,-15574.07,-1187.59,2974.0
146,-67970.48,-15950.08,-133.30,6769.4
147,-70092.26,-25195.67,2077.62,1587.4
148,-71473.33,-26317.64,2172.04,1456.2
149,-74241.37,-22891.10,2066.04,1838.5
150,-74928.95,-21562.93,2063.20,1756.5
151,-72284.85,-21629.65,1795.09,3199.2
152,-67648.82,-22909.29,1295.23,4078.1
153,-68132.79,-25359.42,1529.39,3178.4
154,-68513.47,-27278.89,1617.63,2868.6
155,-57700.99,-15.16,-1013.90,4383.8
156,-37170.85,-21778.23,-1288.74,2200.2
157,-39224.75,-19352.36,-801.10,1254.2
158,-41547.19,-20674.46,-990.79,1681.3
159,-46472.42,-22997.23,-1172.02,3026.0
160,-44955.60,-24540.69,-1031.21,2743.0
161,-48505.66,-24828.76,-563.37,1921.2
162,-50904.83,-25119.86,-164.40,1950.7
163,-53540.07,-29398.49,674.88,1889.6
164,-69351.55,-29704.75,1697.70,1322.7
165,-47702.99,-28670.73,198.14,1122.8
166,-46481.27,-27942.97,-193.12,1579.9
167,-42928.26,-26438.93,-1046.14,1894.2
168,-44728.37,-26860.42,-719.89,1333.1
169,-39711.67,-25268.45,-1377.07,1250.5
170,-40974.70,-26484.41,-1199.77,1024.1
171,-41762.61,-28500.92,-778.66,1859.2
172,-38802.76,-22903.23,-1391.58,2266.0
173,-37262.33,-26636.03,-1325.04,2977.8
174,-36993.79,-29356.04,-1079.31,3070.4
175,-33936.55,-16271.51,-569.17,1412.9
176,-35786.83,-17032.63,-582.46,2063.2
177,-48620.75,-14218.62,-946.10,2475.2
178,-51164.51,-8736.16,-881.79,1481.7
179,-28908.04,-5270.20,-249.66,1707.6
180,-40136.61,-5952.47,-758.40,1482.9
181,-38475.20,-8539.06,-695.89,1740.6
182,-37876.14,-7177.54,-705.98,1890.7
183,-37808.27,-9997.61,-683.52,2324.0
184,-45994.35,-11698.75,-770.82,1516.0
185,-39260.16,-12723.68,-666.19,1496.4
186,-40195.63,-10325.10,-700.19,1825.5
187,-43338.45,-13117.88,-786.00,1009.7
188,-45560.56,-21256.67,-907.11,2645.6
189,-42225.92,-18036.33,-874.26,2236.9
190,-30247.80,-13381.69,-513.52,1962.8
191,-30238.94,-11707.85,-395.76,1250.9
192,-33431.93,-11995.92,-449.14,1392.0
193,-37073.47,-11701.78,-600.79,2045.5
194,-24407.76,-15040.38,-433.29,1564.5
195,-24632.03,-5218.65,-160.98,1614.8
196,-8510.70,-29895.79,155.57,2062.2
197,-4025.17,-15934.92,-762.63,1174.9
198,-708.24,-14779.60,-700.51,1047.0
199,-6135.14,-13466.60,-750.68,3712.2
200,20719.00,715.63,1473.73,1052.5
201,18647.40,-7611.16,2023.24,1326.7
202,20270.45,-8099.37,1910.93,5963.5
203,20901.96,-19012.74,2173.36,1641.0
204,12683.42,-26408.61,2702.71,2273.6
205,12394.22,-28934.54,2978.33,1633.0
206,10065.88,-28485.76,3064.90,2606.2
207,25027.47,-9151.59,1957.90,2265.7
208,29754.98,-4393.85,1035.35,1023.5
209,32558.43,2783.68,782.31,1070.9
210,29026.08,-15455.81,1133.52,5793.4
211,37805.32,-5443.04,866.08,1175.9
212,38717.18,-5606.79,779.63,1483.8
213,38525.36,-7611.16,781.28,1324.7
214,37350.86,-7471.67,782.45,1013.7
215,37569.24,-8557.25,812.88,1117.7
216,42677.43,-7386.77,502.02,1114.0
217,39077.20,-10822.40,570.09,1193.2
218,36306.21,-11210.54,757.13,2982.0
219,40186.78,-14452.11,702.09,1735.6
220,39661.50,-16911.33,935.93,1138.1
221,37474.80,-24131.32,1078.26,5586.2
222,33924.75,-18260.72,1198.66,2886.4
223,33862.78,-19925.47,1296.40,1345.6
224,30958.99,-10852.73,1202.78,1553.9
225,27822.07,-11838.24,1517.24,1021.1
226,47638.06,-11874.62,10.04,1679.4
227,44937.89,-22126.95,350.39,1147.6
228,70788.69,-26463.19,-1294.63,2738.3
229,69808.96,-28858.73,-1300.53,1607.7
230,66748.77,-29735.08,-1359.16,4863.3
231,58748.60,-20635.04,-472.42,1234.7
232,56234.34,-22327.08,-95.14,1223.3
233,61906.17,-23003.29,-742.41,1695.3
234,59920.14,-22593.93,-527.34,2335.3
235,46032.72,-26153.89,174.20,1008.3
236,62106.84,-3660.03,-456.81,3711.8
237,66373.99,-20028.57,-1067.21,1547.4
238,61029.72,-19155.26,-830.53,1652.4
239,66725.16,-24856.05,-1076.95,4245.3
240,81418.21,-26229.70,-1294.48,2152.3
241,80512.25,-24367.84,-1315.06,1146.8
242,92071.34,-21666.03,-1425.93,1853.0
243,91129.97,-24201.07,-1673.82,2715.9
244,95391.22,-8790.74,-1347.84,1384.9
245,86089.65,-16680.88,-1146.91,1930.6
246,101936.54,-27448.70,-1334.21,2426.5
247,106572.57,-20249.93,-1384.84,1613.5
248,107835.60,-6461.91,-1285.75,1626.6
249,-95205.30,19898.18,1180.35,2046.5
250,-104660.32,-28315.94,1789.09,1329.5
251,-80066.65,-9227.40,2581.66,1516.0
252,-54363.40,-24040.35,-248.64,3475.3
253,-49461.78,-8442.02,-976.25,3451.2
254,-9782.58,-11359.13,-309.15,1355.5
255,-16658.42,-29395.46,48.96,1509.0
256,32047.91,-7787.04,912.79,4755.9
257,21542.33,-5764.47,1373.10,2152.6
258,41502.93,-22236.11,669.54,1892.2
259,97144.11,-13111.82,-1225.80,2677.4
